Workbook
Name Slicer_SPORT_LOCATION: #N/A

Sheet Question 1
B2: STAGE 1 (Data Cleaning) | E2: We are a part of XYZ Co Pvt Ltd company who is in the business of organizing the sports events at international level. Countries nominate sportsmen from different departments and our team has been given the responsibility to systematize the membership roster and generate different reports as per business requirements.
C5: SHEET | D5: COLUMN | E5: TASK
B6: S No | C6: TASK 1: STANDARDIZING THE DATASET
B7: 1 | C7: SPORTSMEN | D7: Col B | E7: Populate the FULLNAME consisting of the following fields ONLY, in the prescribed format: PREFIX FIRSTNAME LASTNAME. (Note: All UPPERCASE)
B8: 2 | C8: SPORTSMEN | D8: Col K | E8: Get the COUNTRY NAME to which these sportsmen belong to. Make use of LOCATION sheet to get the required data
B9: 3 | C9: SPORTSMEN | D9: Col L | E9: Populate the LANGUAGE spoken by the sportsmen. Make use of LOCATION sheet to get the required data
B10: 4 | C10: SPORTSMEN | D10: Col M | E10: Generate the EMAIL ADDRESS for those members, who speak English, in the prescribed format : lastname.firstname@xyz.org (Note: All lowercase) and for all other members, format should be lastname.firstname@xyz.com (Note: All lowercase)
B11: 5 | C11: SPORTSMEN | D11: Col Q | E11: Populate the SPORT LOCATION of the sport played by each player. Make use of SPORT sheet to get the required data
B13: S No | C13: TASK 2: DATA FORMATTING
B14: 1 | C14: SPORTSMEN | D14: Col A | E14: Display MEMBER ID as always 3 digit number (Note: 001, 002…, 020,… etc)
B15: 2 | C15: SPORTSMEN | D15: Col G | E15: Format the BIRTHDATE as dd mmm' yyyy (Prescribed format example: 09 May' 1986)
B16: 3 | C16: SPORTSMEN | D16: Col N | E16: Display the units for the WEIGHT column (Prescribed format example: 80 kg)
B17: 4 | C17: SPORTSMEN | D17: Col S | E17: Format the SALARY to show the data in thousands. If SALARY is less than 100,000 then display data with 2 decimal places else display data with one decimal place. In both cases units should be thousands (k) e.g. 87670 --> 87.67 k and 123250 --> 123.2 k

Sheet Question 2
B2: STAGE 2 (Data Analysis) | E2: We are a part of XYZ Co Pvt Ltd company who is in the business of organizing the sports events at international level. Countries nominate sportsmen from different departments and our team has been given the responsibility to systematize the membership roster and generate different reports as per business requirements.
B5: Instructions: Make use of data from SPORTSMEN worksheet after attempting Question 1
C6: SHEET | D6: RANGE | E6: TASK
B7: S No | C7: TASK 1: SUMMARIZE DATA - PIVOT TABLE
B8: 1 | C8: ANALYSIS | D8: Range B3 | E8: Create a PIVOT table in the worksheet ANALYSIS, starting at cell B3, with the following details:
B9: 2 | C9: ANALYSIS | E9: In COLUMNS; Group : GENDER.
B10: 3 | C10: ANALYSIS | E10: In ROWS; Group : COUNTRY (Note: use COUNTRY NAMES)
B11: 4 | C11: ANALYSIS | E11: In VALUES; Calculate the count of candidates from each COUNTRY and GENDER type
B12: 5 | C12: ANALYSIS | E12: Remove GRAND TOTALs
B14: S No | C14: TASK 2: SUMMARIZE DATA - EXCEL FUNCTIONS
B15: 1 | C15: ANALYSIS | D15: Range G4 | E15: Create a SUMMARY table in the worksheet ANALYSIS, starting at cell G4, with the following details.
B16: 2 | C16: ANALYSIS | D16: Range H4:I4 | E16: Starting from range RANGE H4; get the distinct GENDER. Use remove duplicates option and transpose the data
B17: 3 | C17: ANALYSIS | D17: Range G5:G16 | E17: Starting from range RANGE G5; get the distinct COUNTRY (Note: use COUNTRY NAMES)
B18: 4 | C18: ANALYSIS | D18: Range H5:I16 | E18: In the cross table, get the count of candidates from each COUNTRY and GENDER type

Sheet Question 3
B2: STAGE 3 (Generate Report) | E2: We are a part of XYZ Co Pvt Ltd company who is in the business of organizing the sports events at international level. Countries nominate sportsmen from different departments and our team has been given the responsibility to systematize the membership roster and generate different reports as per business requirements.
B5: Instructions: Make use of data from SPORTSMEN worksheet after attempting Question 1
C6: SHEET | D6: RANGE | E6: TASK
B7: S No | C7: GENERATE REPORT - PIVOT TABLE
B8: 1 | C8: REPORT | D8: Range A3 | E8: Create a PIVOT table report in the worksheet REPORT, starting at cell A3, with the following information.
B9: 2 | C9: REPORT | E9: Report should contain MEMBER ID, FULL NAME, EMAIL, GENDER, YEAR OF BIRTH (Note: don't display quarters, months and dates), COUNTRY NAME, LANGUAGE and SPORT played by them
B10: 3 | C10: REPORT | E10: Change the report layout to TABULAR form
B11: 4 | C11: REPORT | E11: Remove expand and collapse buttons
B12: 5 | C12: REPORT | E12: Remove GRAND TOTALs
B13: 5 | C13: REPORT | D13: Range A1 | E13: Allow user to filter the data by SPORT LOCATION

Sheet ANALYSIS
B4: No. Of Players | C4: Genders | I4: {=TRANSPOSE(_xlfn.UNIQUE(SPORTSMEN!I1:I51))} -> GENDER | J4: Female | K4: Male
B5: Countries | C5: Female | D5: Male | I5: COUNTRY NAME
B6: ARGENTINA | C6: 1 | D6: 2 | I6: USA | J6: =COUNTIFS(SPORTSMEN!$K:$K,ANALYSIS!$I6,SPORTSMEN!$I:$I,ANALYSIS!J$4) -> 4 | K6: =COUNTIFS(SPORTSMEN!$K:$K,ANALYSIS!$I6,SPORTSMEN!$I:$I,ANALYSIS!K$4) -> 3
B7: AUSTRALIA | C7: 6 | D7: 2 | I7: BRAZIL | J7: =COUNTIFS(SPORTSMEN!$K:$K,ANALYSIS!$I7,SPORTSMEN!$I:$I,ANALYSIS!J$4) -> 0 | K7: =COUNTIFS(SPORTSMEN!$K:$K,ANALYSIS!$I7,SPORTSMEN!$I:$I,ANALYSIS!K$4) -> 2
B8: AUSTRIA | C8: 1 | D8: 2 | I8: UK | J8: =COUNTIFS(SPORTSMEN!$K:$K,ANALYSIS!$I8,SPORTSMEN!$I:$I,ANALYSIS!J$4) -> 3 | K8: =COUNTIFS(SPORTSMEN!$K:$K,ANALYSIS!$I8,SPORTSMEN!$I:$I,ANALYSIS!K$4) -> 2
B9: BRAZIL | D9: 2 | I9: GERMANY | J9: =COUNTIFS(SPORTSMEN!$K:$K,ANALYSIS!$I9,SPORTSMEN!$I:$I,ANALYSIS!J$4) -> 1 | K9: =COUNTIFS(SPORTSMEN!$K:$K,ANALYSIS!$I9,SPORTSMEN!$I:$I,ANALYSIS!K$4) -> 4
B10: FRANCE | C10: 3 | D10: 6 | I10: AUSTRALIA | J10: =COUNTIFS(SPORTSMEN!$K:$K,ANALYSIS!$I10,SPORTSMEN!$I:$I,ANALYSIS!J$4) -> 6 | K10: =COUNTIFS(SPORTSMEN!$K:$K,ANALYSIS!$I10,SPORTSMEN!$I:$I,ANALYSIS!K$4) -> 2
B11: GERMANY | C11: 1 | D11: 4 | I11: AUSTRIA | J11: =COUNTIFS(SPORTSMEN!$K:$K,ANALYSIS!$I11,SPORTSMEN!$I:$I,ANALYSIS!J$4) -> 1 | K11: =COUNTIFS(SPORTSMEN!$K:$K,ANALYSIS!$I11,SPORTSMEN!$I:$I,ANALYSIS!K$4) -> 2
B12: NETHERLANDS | C12: 2 | D12: 1 | I12: FRANCE | J12: =COUNTIFS(SPORTSMEN!$K:$K,ANALYSIS!$I12,SPORTSMEN!$I:$I,ANALYSIS!J$4) -> 3 | K12: =COUNTIFS(SPORTSMEN!$K:$K,ANALYSIS!$I12,SPORTSMEN!$I:$I,ANALYSIS!K$4) -> 6
B13: SPAIN | C13: 3 | I13: ARGENTINA | J13: =COUNTIFS(SPORTSMEN!$K:$K,ANALYSIS!$I13,SPORTSMEN!$I:$I,ANALYSIS!J$4) -> 1 | K13: =COUNTIFS(SPORTSMEN!$K:$K,ANALYSIS!$I13,SPORTSMEN!$I:$I,ANALYSIS!K$4) -> 2
B14: SWEDEN | C14: 1 | D14: 1 | I14: SPAIN | J14: =COUNTIFS(SPORTSMEN!$K:$K,ANALYSIS!$I14,SPORTSMEN!$I:$I,ANALYSIS!J$4) -> 3 | K14: =COUNTIFS(SPORTSMEN!$K:$K,ANALYSIS!$I14,SPORTSMEN!$I:$I,ANALYSIS!K$4) -> 0
B15: UK | C15: 3 | D15: 2 | I15: NETHERLANDS | J15: =COUNTIFS(SPORTSMEN!$K:$K,ANALYSIS!$I15,SPORTSMEN!$I:$I,ANALYSIS!J$4) -> 2 | K15: =COUNTIFS(SPORTSMEN!$K:$K,ANALYSIS!$I15,SPORTSMEN!$I:$I,ANALYSIS!K$4) -> 1
B16: USA | C16: 4 | D16: 3 | I16: SWEDEN | J16: =COUNTIFS(SPORTSMEN!$K:$K,ANALYSIS!$I16,SPORTSMEN!$I:$I,ANALYSIS!J$4) -> 1 | K16: =COUNTIFS(SPORTSMEN!$K:$K,ANALYSIS!$I16,SPORTSMEN!$I:$I,ANALYSIS!K$4) -> 1

Sheet REPORT
B3: MEMBER ID | C3: FULL NAME | D3: EMAIL | E3: GENDER
B4: 1 | C4: ANNIE ABBOTT | D4: Abbott.Annie@xyz.org | E4: Female
B5: 2 | C5: AURELIE LIESUCHKE | D5: Liesuchke.Aurelie@xyz.org | E5: Female
B6: 3 | C6: TOMAS FERREIRA FILHO | D6: Filho.Tomas@xyz.com | E6: Male
B7: 4 | C7: DARBY CRUICKSHANK | D7: Cruickshank.Darby@xyz.org | E7: Female
B8: 5 | C8: JAYDON BORER | D8: Borer.Jaydon@xyz.org | E8: Male
B9: 6 | C9: MORIAH LYNCH | D9: Lynch.Moriah @xyz.org | E9: Male
B10: 7 | C10: AMIYA EICHMANN | D10: Eichmann.Amiya@xyz.org | E10: Female
B11: 8 | C11: PIERCE RAU | D11: Rau.Pierce@xyz.org | E11: Male
B12: 9 | C12: AMELIA STEVENS | D12: Stevens.Amelia@xyz.org | E12: Female
B13: 10 | C13: TOBY SIMPSON | D13: Simpson.Toby@xyz.org | E13: Male
B14: 11 | C14: ETHAN MURPHY | D14: Murphy.Ethan@xyz.org | E14: Male
B15: 12 | C15: ASHLEY WOOD | D15: Wood.Ashley@xyz.org | E15: Female
... B53: 50 | C53: ADRIANO PONTES SOBRINHO | D53: Sobrinho.Adriano@xyz.com | E53: Male

Sheet SPORTSMEN
A1: MEMBER ID | B1: FULL NAME | C1: PREFIX | D1: FIRSTNAME | E1: MIDDLENAME | F1: LASTNAME | G1: BIRTHDATE | H1: ZODIAC | I1: GENDER | J1: COUNTRYCODE | K1: COUNTRY NAME | L1: LANGUAGE | M1: EMAIL | N1: WEIGHT | O1: EYECOLOR | P1: BLOODTYPE | Q1: SPORT LOCATION | R1: SPORTS | S1: SALARY
A2: 1 | B2: =UPPER(_xlfn.CONCAT(D2," ",E2," ",F2)) -> ANNIE ABBOTT | C2: Ms. | D2: Annie | F2: Abbott | G2: 35699 | H2: Libra | I2: Female | J2: US | K2: =HLOOKUP(J2,LOCATION!$B$2:$M$3,2,FALSE) -> USA | L2: =_xlfn.XLOOKUP(K2,LOCATION!$B$3:$M$3,LOCATION!$B$1:$M$1,,0) -> English | M2: =LOWER(_xlfn.CONCAT(F2,".",D2,IF(L2="English","@xyz.org","@xyz.com"))) -> abbott.annie@xyz.org | N2: 94 | O2: Green | P2: A− | Q2: =_xlfn.XLOOKUP(R2,SPORT!$B$2:$B$33,SPORT!$A$2:$A$33) -> INDOOR | R2: Cycling Track | S2: 80727
A3: 2 | B3: =UPPER(_xlfn.CONCAT(D3," ",E3," ",F3)) -> AURELIE LIESUCHKE | C3: Ms. | D3: Aurelie | F3: Liesuchke | G3: 33641 | H3: Aquarius | I3: Female | J3: US | K3: =HLOOKUP(J3,LOCATION!$B$2:$M$3,2,FALSE) -> USA | L3: =_xlfn.XLOOKUP(K3,LOCATION!$B$3:$M$3,LOCATION!$B$1:$M$1,,0) -> English | M3: =LOWER(_xlfn.CONCAT(F3,".",D3,IF(L3="English","@xyz.org","@xyz.com"))) -> liesuchke.aurelie@xyz.org | N3: 84.2 | O3: Brown | P3: O− | Q3: =_xlfn.XLOOKUP(R3,SPORT!$B$2:$B$33,SPORT!$A$2:$A$33) -> INDOOR | R3: Boxing | S3: 87471
A4: 3 | B4: =UPPER(_xlfn.CONCAT(D4," ",E4," ",F4)) -> TOMAS FERREIRA FILHO | C4: Sr. | D4: Tomas | E4: Ferreira | F4: Filho | G4: 25394 | H4: Cancer | I4: Male | J4: BR | K4: =HLOOKUP(J4,LOCATION!$B$2:$M$3,2,FALSE) -> BRAZIL | L4: =_xlfn.XLOOKUP(K4,LOCATION!$B$3:$M$3,LOCATION!$B$1:$M$1,,0) -> Portuguese | M4: =LOWER(_xlfn.CONCAT(F4,".",D4,IF(L4="English","@xyz.org","@xyz.com"))) -> filho.tomas@xyz.com | N4: 52.9 | O4: Amber | P4: A− | Q4: =_xlfn.XLOOKUP(R4,SPORT!$B$2:$B$33,SPORT!$A$2:$A$33) -> OUTDOOR | R4: Football | S4: 64724
A5: 4 | B5: =UPPER(_xlfn.CONCAT(D5," ",E5," ",F5)) -> DARBY CRUICKSHANK | C5: Ms. | D5: Darby | F5: Cruickshank | G5: 27532 | H5: Taurus | I5: Female | J5: US | K5: =HLOOKUP(J5,LOCATION!$B$2:$M$3,2,FALSE) -> USA | L5: =_xlfn.XLOOKUP(K5,LOCATION!$B$3:$M$3,LOCATION!$B$1:$M$1,,0) -> English | M5: =LOWER(_xlfn.CONCAT(F5,".",D5,IF(L5="English","@xyz.org","@xyz.com"))) -> cruickshank.darby@xyz.org | N5: 48.9 | O5: Green | P5: O− | Q5: =_xlfn.XLOOKUP(R5,SPORT!$B$2:$B$33,SPORT!$A$2:$A$33) -> OUTDOOR | R5: Alpine Skiing | S5: 110823
A6: 5 | B6: =UPPER(_xlfn.CONCAT(D6," ",E6," ",F6)) -> JAYDON BORER | C6: Dr. | D6: Jaydon | F6: Borer | G6: 25706 | H6: Taurus | I6: Male | J6: US | K6: =HLOOKUP(J6,LOCATION!$B$2:$M$3,2,FALSE) -> USA | L6: =_xlfn.XLOOKUP(K6,LOCATION!$B$3:$M$3,LOCATION!$B$1:$M$1,,0) -> English | M6: =LOWER(_xlfn.CONCAT(F6,".",D6,IF(L6="English","@xyz.org","@xyz.com"))) -> borer.jaydon@xyz.org | N6: 84.8 | O6: Blue | P6: B− | Q6: =_xlfn.XLOOKUP(R6,SPORT!$B$2:$B$33,SPORT!$A$2:$A$33) -> INDOOR | R6: Water Polo | S6: 56916
A7: 6 | B7: =UPPER(_xlfn.CONCAT(D7," ",E7," ",F7)) -> MORIAH LYNCH | C7: Mr. | D7: Moriah | F7: Lynch | G7: 33944 | H7: Sagittarius | I7: Male | J7: US | K7: =HLOOKUP(J7,LOCATION!$B$2:$M$3,2,FALSE) -> USA | L7: =_xlfn.XLOOKUP(K7,LOCATION!$B$3:$M$3,LOCATION!$B$1:$M$1,,0) -> English | M7: =LOWER(_xlfn.CONCAT(F7,".",D7,IF(L7="English","@xyz.org","@xyz.com"))) -> lynch.moriah @xyz.org | N7: 83.2 | O7: Blue | P7: O− | Q7: =_xlfn.XLOOKUP(R7,SPORT!$B$2:$B$33,SPORT!$A$2:$A$33) -> INDOOR | R7: Fencing | S7: 51133
A8: 7 | B8: =UPPER(_xlfn.CONCAT(D8," ",E8," ",F8)) -> AMIYA EICHMANN | C8: Ms. | D8: Amiya | F8: Eichmann | G8: 36370 | H8: Leo | I8: Female | J8: US | K8: =HLOOKUP(J8,LOCATION!$B$2:$M$3,2,FALSE) -> USA | L8: =_xlfn.XLOOKUP(K8,LOCATION!$B$3:$M$3,LOCATION!$B$1:$M$1,,0) -> English | M8: =LOWER(_xlfn.CONCAT(F8,".",D8,IF(L8="English","@xyz.org","@xyz.com"))) -> eichmann.amiya@xyz.org | N8: 61.1 | O8: Blue | P8: B− | Q8: =_xlfn.XLOOKUP(R8,SPORT!$B$2:$B$33,SPORT!$A$2:$A$33) -> OUTDOOR | R8: Cycling Road | S8: 65465
A9: 8 | B9: =UPPER(_xlfn.CONCAT(D9," ",E9," ",F9)) -> PIERCE RAU | C9: Mr. | D9: Pierce | F9: Rau | G9: 23141 | H9: Taurus | I9: Male | J9: US | K9: =HLOOKUP(J9,LOCATION!$B$2:$M$3,2,FALSE) -> USA | L9: =_xlfn.XLOOKUP(K9,LOCATION!$B$3:$M$3,LOCATION!$B$1:$M$1,,0) -> English | M9: =LOWER(_xlfn.CONCAT(F9,".",D9,IF(L9="English","@xyz.org","@xyz.com"))) -> rau.pierce@xyz.org | N9: 105.7 | O9: Amber | P9: A+ | Q9: =_xlfn.XLOOKUP(R9,SPORT!$B$2:$B$33,SPORT!$A$2:$A$33) -> INDOOR | R9: Curling | S9: 109885
A10: 9 | B10: =UPPER(_xlfn.CONCAT(D10," ",E10," ",F10)) -> AMELIA STEVENS | C10: Ms. | D10: Amelia | F10: Stevens | G10: 25965 | H10: Aquarius | I10: Female | J10: GB | K10: =HLOOKUP(J10,LOCATION!$B$2:$M$3,2,FALSE) -> UK | L10: =_xlfn.XLOOKUP(K10,LOCATION!$B$3:$M$3,LOCATION!$B$1:$M$1,,0) -> English | M10: =LOWER(_xlfn.CONCAT(F10,".",D10,IF(L10="English","@xyz.org","@xyz.com"))) -> stevens.amelia@xyz.org | N10: 65.3 | O10: Blue | P10: A+ | Q10: =_xlfn.XLOOKUP(R10,SPORT!$B$2:$B$33,SPORT!$A$2:$A$33) -> INDOOR | R10: Shooting | S10: 60061
A11: 10 | B11: =UPPER(_xlfn.CONCAT(D11," ",E11," ",F11)) -> TOBY SIMPSON | C11: Mr. | D11: Toby | F11: Simpson | G11: 23732 | H11: Sagittarius | I11: Male | J11: GB | K11: =HLOOKUP(J11,LOCATION!$B$2:$M$3,2,FALSE) -> UK | L11: =_xlfn.XLOOKUP(K11,LOCATION!$B$3:$M$3,LOCATION!$B$1:$M$1,,0) -> English | M11: =LOWER(_xlfn.CONCAT(F11,".",D11,IF(L11="English","@xyz.org","@xyz.com"))) -> simpson.toby@xyz.org | N11: 62.9 | O11: Amber | P11: O+ | Q11: =_xlfn.XLOOKUP(R11,SPORT!$B$2:$B$33,SPORT!$A$2:$A$33) -> OUTDOOR | R11: Cycling Road | S11: 32758
A12: 11 | B12: =UPPER(_xlfn.CONCAT(D12," ",E12," ",F12)) -> ETHAN MURPHY | C12: Sir | D12: Ethan | F12: Murphy | G12: 31733 | H12: Scorpio | I12: Male | J12: GB | K12: =HLOOKUP(J12,LOCATION!$B$2:$M$3,2,FALSE) -> UK | L12: =_xlfn.XLOOKUP(K12,LOCATION!$B$3:$M$3,LOCATION!$B$1:$M$1,,0) -> English | M12: =LOWER(_xlfn.CONCAT(F12,".",D12,IF(L12="English","@xyz.org","@xyz.com"))) -> murphy.ethan@xyz.org | N12: 104.3 | O12: Brown | P12: O+ | Q12: =_xlfn.XLOOKUP(R12,SPORT!$B$2:$B$33,SPORT!$A$2:$A$33) -> OUTDOOR | R12: Freestyle Skiing | S12: 99613
A13: 12 | B13: =UPPER(_xlfn.CONCAT(D13," ",E13," ",F13)) -> ASHLEY WOOD | C13: Mrs. | D13: Ashley | F13: Wood | G13: 28412 | H13: Libra | I13: Female | J13: GB | K13: =HLOOKUP(J13,LOCATION!$B$2:$M$3,2,FALSE) -> UK | L13: =_xlfn.XLOOKUP(K13,LOCATION!$B$3:$M$3,LOCATION!$B$1:$M$1,,0) -> English | M13: =LOWER(_xlfn.CONCAT(F13,".",D13,IF(L13="English","@xyz.org","@xyz.com"))) -> wood.ashley@xyz.org | N13: 100.7 | O13: Brown | P13: O+ | Q13: =_xlfn.XLOOKUP(R13,SPORT!$B$2:$B$33,SPORT!$A$2:$A$33) -> OUTDOOR | R13: Archery | S13: 56595
A14: 13 | B14: =UPPER(_xlfn.CONCAT(D14," ",E14," ",F14)) -> MEGAN SCOTT | C14: Ms. | D14: Megan | F14: Scott | G14: 28168 | H14: Aquarius | I14: Female | J14: GB | K14: =HLOOKUP(J14,LOCATION!$B$2:$M$3,2,FALSE) -> UK | L14: =_xlfn.XLOOKUP(K14,LOCATION!$B$3:$M$3,LOCATION!$B$1:$M$1,,0) -> English | M14: =LOWER(_xlfn.CONCAT(F14,".",D14,IF(L14="English","@xyz.org","@xyz.com"))) -> scott.megan@xyz.org | N14: 70.9 | O14: Green | P14: A− | Q14: =_xlfn.XLOOKUP(R14,SPORT!$B$2:$B$33,SPORT!$A$2:$A$33) -> OUTDOOR | R14: Rugby | S14: 117408
A15: 14 | B15: =UPPER(_xlfn.CONCAT(D15," ",E15," ",F15)) -> HELMUT WEINHAE | C15: Hr. | D15: Helmut | F15: Weinhae | G15: 21788 | H15: Virgo | I15: Male | J15: DE | K15: =HLOOKUP(J15,LOCATION!$B$2:$M$3,2,FALSE) -> GERMANY | L15: =_xlfn.XLOOKUP(K15,LOCATION!$B$3:$M$3,LOCATION!$B$1:$M$1,,0) -> German | M15: =LOWER(_xlfn.CONCAT(F15,".",D15,IF(L15="English","@xyz.org","@xyz.com"))) -> weinhae.helmut@xyz.com | N15: 68.3 | O15: Gray | P15: A+ | Q15: =_xlfn.XLOOKUP(R15,SPORT!$B$2:$B$33,SPORT!$A$2:$A$33) -> OUTDOOR | R15: Canoe Sprint | S15: 64862
A16: 15 | B16: =UPPER(_xlfn.CONCAT(D16," ",E16," ",F16)) -> MILENA SCHOTIN | C16: Prof. | D16: Milena | F16: Schotin | G16: 23804 | H16: Pisces | I16: Female | J16: DE | K16: =HLOOKUP(J16,LOCATION!$B$2:$M$3,2,FALSE) -> GERMANY | L16: =_xlfn.XLOOKUP(K16,LOCATION!$B$3:$M$3,LOCATION!$B$1:$M$1,,0) -> German | M16: =LOWER(_xlfn.CONCAT(F16,".",D16,IF(L16="English","@xyz.org","@xyz.com"))) -> schotin.milena@xyz.com | N16: 105.3 | O16: Gray | P16: O+ | Q16: =_xlfn.XLOOKUP(R16,SPORT!$B$2:$B$33,SPORT!$A$2:$A$33) -> INDOOR | R16: Cycling BMX | S16: 10241
... A39: 38 | B39: =UPPER(_xlfn.CONCAT(D39," ",E39," ",F39)) -> BERNARD HOARAU-GUYON | C39: M. | D39: Bernard | F39: Hoarau-Guyon | G39: 30327 | H39: Capricorn | I39: Male | J39: FR | K39: =HLOOKUP(J39,LOCATION!$B$2:$M$3,2,FALSE) -> FRANCE | L39: =_xlfn.XLOOKUP(K39,LOCATION!$B$3:$M$3,LOCATION!$B$1:$M$1,,0) -> French | M39: =LOWER(_xlfn.CONCAT(F39,".",D39,IF(L39="English","@xyz.org","@xyz.com"))) -> hoarau-guyon.bernard@xyz.com | N39: 59.7 | O39: Gray | P39: O− | Q39: =_xlfn.XLOOKUP(R39,SPORT!$B$2:$B$33,SPORT!$A$2:$A$33) -> INDOOR | R39: Cycling Track | S39: 71352
A40: 39 | B40: =UPPER(_xlfn.CONCAT(D40," ",E40," ",F40)) -> HIDALGO CANTU TERCERO | C40: Sr. | D40: Hidalgo | E40: Cantu | F40: Tercero | G40: 31016 | H40: Sagittarius | I40: Male | J40: AG | K40: =HLOOKUP(J40,LOCATION!$B$2:$M$3,2,FALSE) -> ARGENTINA | L40: =_xlfn.XLOOKUP(K40,LOCATION!$B$3:$M$3,LOCATION!$B$1:$M$1,,0) -> Spanish | M40: =LOWER(_xlfn.CONCAT(F40,".",D40,IF(L40="English","@xyz.org","@xyz.com"))) -> tercero.hidalgo@xyz.com | N40: 77.7 | O40: Gray | P40: B− | Q40: =_xlfn.XLOOKUP(R40,SPORT!$B$2:$B$33,SPORT!$A$2:$A$33) -> OUTDOOR | R40: Canoe Slalom | S40: 116376
A41: 40 | B41: =UPPER(_xlfn.CONCAT(D41," ",E41," ",F41)) -> HADALGO POLANCO | C41: Sr. | D41: Hadalgo | F41: Polanco | G41: 32314 | H41: Gemini | I41: Male | J41: AG | K41: =HLOOKUP(J41,LOCATION!$B$2:$M$3,2,FALSE) -> ARGENTINA | L41: =_xlfn.XLOOKUP(K41,LOCATION!$B$3:$M$3,LOCATION!$B$1:$M$1,,0) -> Spanish | M41: =LOWER(_xlfn.CONCAT(F41,".",D41,IF(L41="English","@xyz.org","@xyz.com"))) -> polanco.hadalgo@xyz.com | N41: 98 | O41: Blue | P41: A− | Q41: =_xlfn.XLOOKUP(R41,SPORT!$B$2:$B$33,SPORT!$A$2:$A$33) -> OUTDOOR | R41: Beach Volleyball | S41: 114144
A42: 41 | B42: =UPPER(_xlfn.CONCAT(D42," ",E42," ",F42)) -> LAURA OLIVIERA | C42: Sra. | D42: Laura | F42: Oliviera | G42: 27076 | H42: Aquarius | I42: Female | J42: AG | K42: =HLOOKUP(J42,LOCATION!$B$2:$M$3,2,FALSE) -> ARGENTINA | L42: =_xlfn.XLOOKUP(K42,LOCATION!$B$3:$M$3,LOCATION!$B$1:$M$1,,0) -> Spanish | M42: =LOWER(_xlfn.CONCAT(F42,".",D42,IF(L42="English","@xyz.org","@xyz.com"))) -> oliviera.laura@xyz.com | N42: 51.9 | O42: Amber | P42: O− | Q42: =_xlfn.XLOOKUP(R42,SPORT!$B$2:$B$33,SPORT!$A$2:$A$33) -> OUTDOOR | R42: Athletics | S42: 79872
A43: 42 | B43: =UPPER(_xlfn.CONCAT(D43," ",E43," ",F43)) -> AINHOA GARZA | C43: Sra. | D43: Ainhoa | F43: Garza | G43: 32941 | H43: Pisces | I43: Female | J43: ES | K43: =HLOOKUP(J43,LOCATION!$B$2:$M$3,2,FALSE) -> SPAIN | L43: =_xlfn.XLOOKUP(K43,LOCATION!$B$3:$M$3,LOCATION!$B$1:$M$1,,0) -> Spanish | M43: =LOWER(_xlfn.CONCAT(F43,".",D43,IF(L43="English","@xyz.org","@xyz.com"))) -> garza.ainhoa@xyz.com | N43: 55.6 | O43: Brown | P43: O+ | Q43: =_xlfn.XLOOKUP(R43,SPORT!$B$2:$B$33,SPORT!$A$2:$A$33) -> INDOOR | R43: Gymnastics Artistic | S43: 101969
A44: 43 | B44: =UPPER(_xlfn.CONCAT(D44," ",E44," ",F44)) -> ISABEL BANDA | C44: Sra. | D44: Isabel | F44: Banda | G44: 21927 | H44: Capricorn | I44: Female | J44: ES | K44: =HLOOKUP(J44,LOCATION!$B$2:$M$3,2,FALSE) -> SPAIN | L44: =_xlfn.XLOOKUP(K44,LOCATION!$B$3:$M$3,LOCATION!$B$1:$M$1,,0) -> Spanish | M44: =LOWER(_xlfn.CONCAT(F44,".",D44,IF(L44="English","@xyz.org","@xyz.com"))) -> banda.isabel@xyz.com | N44: 102.3 | O44: Amber | P44: O+ | Q44: =_xlfn.XLOOKUP(R44,SPORT!$B$2:$B$33,SPORT!$A$2:$A$33) -> OUTDOOR | R44: Canoe Slalom | S44: 50659
A45: 44 | B45: =UPPER(_xlfn.CONCAT(D45," ",E45," ",F45)) -> CAROLOTA MATEOS | C45: Sra. | D45: Carolota | F45: Mateos | G45: 23952 | H45: Leo | I45: Female | J45: ES | K45: =HLOOKUP(J45,LOCATION!$B$2:$M$3,2,FALSE) -> SPAIN | L45: =_xlfn.XLOOKUP(K45,LOCATION!$B$3:$M$3,LOCATION!$B$1:$M$1,,0) -> Spanish | M45: =LOWER(_xlfn.CONCAT(F45,".",D45,IF(L45="English","@xyz.org","@xyz.com"))) -> mateos.carolota@xyz.com | N45: 58.8 | O45: Gray | P45: O− | Q45: =_xlfn.XLOOKUP(R45,SPORT!$B$2:$B$33,SPORT!$A$2:$A$33) -> OUTDOOR | R45: Athletics | S45: 58215
A46: 45 | B46: =UPPER(_xlfn.CONCAT(D46," ",E46," ",F46)) -> ELIZE PRINS | C46: Mw. | D46: Elize | F46: Prins | G46: 22044 | H46: Taurus | I46: Female | J46: DU | K46: =HLOOKUP(J46,LOCATION!$B$2:$M$3,2,FALSE) -> NETHERLANDS | L46: =_xlfn.XLOOKUP(K46,LOCATION!$B$3:$M$3,LOCATION!$B$1:$M$1,,0) -> Dutch | M46: =LOWER(_xlfn.CONCAT(F46,".",D46,IF(L46="English","@xyz.org","@xyz.com"))) -> prins.elize@xyz.com | N46: 63.8 | O46: Blue | P46: O+ | Q46: =_xlfn.XLOOKUP(R46,SPORT!$B$2:$B$33,SPORT!$A$2:$A$33) -> INDOOR | R46: Judo | S46: 39935
A47: 46 | B47: =UPPER(_xlfn.CONCAT(D47," ",E47," ",F47)) -> RYAN PHAM | C47: dhr. | D47: Ryan | F47: Pham | G47: 26940 | H47: Libra | I47: Male | J47: DU | K47: =HLOOKUP(J47,LOCATION!$B$2:$M$3,2,FALSE) -> NETHERLANDS | L47: =_xlfn.XLOOKUP(K47,LOCATION!$B$3:$M$3,LOCATION!$B$1:$M$1,,0) -> Dutch | M47: =LOWER(_xlfn.CONCAT(F47,".",D47,IF(L47="English","@xyz.org","@xyz.com"))) -> pham.ryan@xyz.com | N47: 98.6 | O47: Amber | P47: B+ | Q47: =_xlfn.XLOOKUP(R47,SPORT!$B$2:$B$33,SPORT!$A$2:$A$33) -> OUTDOOR | R47: Beach Volleyball | S47: 44865
A48: 47 | B48: =UPPER(_xlfn.CONCAT(D48," ",E48," ",F48)) -> ELISE ROTTEVEEL | C48: Mw | D48: Elise | F48: Rotteveel | G48: 24936 | H48: Aries | I48: Female | J48: DU | K48: =HLOOKUP(J48,LOCATION!$B$2:$M$3,2,FALSE) -> NETHERLANDS | L48: =_xlfn.XLOOKUP(K48,LOCATION!$B$3:$M$3,LOCATION!$B$1:$M$1,,0) -> Dutch | M48: =LOWER(_xlfn.CONCAT(F48,".",D48,IF(L48="English","@xyz.org","@xyz.com"))) -> rotteveel.elise@xyz.com | N48: 61.8 | O48: Gray | P48: O− | Q48: =_xlfn.XLOOKUP(R48,SPORT!$B$2:$B$33,SPORT!$A$2:$A$33) -> OUTDOOR | R48: Beach Volleyball | S48: 90478
A49: 48 | B49: =UPPER(_xlfn.CONCAT(D49," ",E49," ",F49)) -> MIRJAM SODERBERG | C49: Fru. | D49: Mirjam | F49: Soderberg | G49: 35567 | H49: Taurus | I49: Female | J49: SV | K49: =HLOOKUP(J49,LOCATION!$B$2:$M$3,2,FALSE) -> SWEDEN | L49: =_xlfn.XLOOKUP(K49,LOCATION!$B$3:$M$3,LOCATION!$B$1:$M$1,,0) -> Swedish | M49: =LOWER(_xlfn.CONCAT(F49,".",D49,IF(L49="English","@xyz.org","@xyz.com"))) -> soderberg.mirjam@xyz.com | N49: 50 | O49: Amber | P49: O+ | Q49: =_xlfn.XLOOKUP(R49,SPORT!$B$2:$B$33,SPORT!$A$2:$A$33) -> OUTDOOR | R49: Football | S49: 38965
A50: 49 | B50: =UPPER(_xlfn.CONCAT(D50," ",E50," ",F50)) -> BERNDT PALSSON | C50: H. | D50: Berndt | F50: Palsson | G50: 31832 | H50: Pisces | I50: Male | J50: SV | K50: =HLOOKUP(J50,LOCATION!$B$2:$M$3,2,FALSE) -> SWEDEN | L50: =_xlfn.XLOOKUP(K50,LOCATION!$B$3:$M$3,LOCATION!$B$1:$M$1,,0) -> Swedish | M50: =LOWER(_xlfn.CONCAT(F50,".",D50,IF(L50="English","@xyz.org","@xyz.com"))) -> palsson.berndt@xyz.com | N50: 45.9 | O50: Blue | P50: A− | Q50: =_xlfn.XLOOKUP(R50,SPORT!$B$2:$B$33,SPORT!$A$2:$A$33) -> OUTDOOR | R50: Biathlon | S50: 35387
A51: 50 | B51: =UPPER(_xlfn.CONCAT(D51," ",E51," ",F51)) -> ADRIANO PONTES SOBRINHO | C51: Sr. | D51: Adriano | E51: Pontes | F51: Sobrinho | G51: 34178 | H51: Leo | I51: Male | J51: PR | K51: =HLOOKUP(J51,LOCATION!$B$2:$M$3,2,FALSE) -> BRAZIL | L51: =_xlfn.XLOOKUP(K51,LOCATION!$B$3:$M$3,LOCATION!$B$1:$M$1,,0) -> Portuguese | M51: =LOWER(_xlfn.CONCAT(F51,".",D51,IF(L51="English","@xyz.org","@xyz.com"))) -> sobrinho.adriano@xyz.com | N51: 92.5 | O51: Green | P51: A+ | Q51: =_xlfn.XLOOKUP(R51,SPORT!$B$2:$B$33,SPORT!$A$2:$A$33) -> INDOOR | R51: Swimming | S51: 20532

Sheet SPORT
A1: SPORTS LOCATION | B1: SPORTS
A2: INDOOR | B2: Cycling Track
A3: INDOOR | B3: Boxing
A4: OUTDOOR | B4: Football
A5: OUTDOOR | B5: Alpine Skiing
A6: INDOOR | B6: Water Polo
A7: INDOOR | B7: Fencing
A8: OUTDOOR | B8: Cycling Road
A9: INDOOR | B9: Curling
A10: INDOOR | B10: Shooting
A11: OUTDOOR | B11: Freestyle Skiing
A12: OUTDOOR | B12: Archery
... A33: INDOOR | B33: Swimming

Sheet LOCATION
A1: LANGUAGE | B1: English | C1: Portuguese | D1: English | E1: German | F1: English | G1: German | H1: French | I1: Spanish | J1: Spanish | K1: Dutch | L1: Swedish | M1: Portuguese
A2: COUNTRYCODE | B2: US | C2: BR | D2: GB | E2: DE | F2: OZ | G2: AU | H2: FR | I2: AG | J2: ES | K2: DU | L2: SV | M2: PR
A3: COUNTRY NAME | B3: USA | C3: BRAZIL | D3: UK | E3: GERMANY | F3: AUSTRALIA | G3: AUSTRIA | H3: FRANCE | I3: ARGENTINA | J3: SPAIN | K3: NETHERLANDS | L3: SWEDEN | M3: BRAZIL
